index,AGUASCALIENTES,BAJA CALIFORNIA,BAJA CALIFORNIA SUR,CAMPECHE,CHIAPAS,CHIHUAHUA,DISTRITO FEDERAL,COAHUILA,COLIMA,DURANGO,GUANAJUATO,GUERRERO,HIDALGO,JALISCO,MEXICO,MICHOACAN,MORELOS,NAYARIT,NUEVO LEON,OAXACA,PUEBLA,QUERETARO,QUINTANA ROO,SAN LUIS POTOSI,SINALOA,SONORA,TABASCO,TAMAULIPAS,TLAXCALA,VERACRUZ,YUCATAN,ZACATECAS
2021-01-01,27,118,35,6,10,52,715,76,19,9,187,40,112,203,486,90,54,17,171,54,177,205,24,81,32,126,37,90,42,58,36,17
2021-01-02,54,126,119,5,19,56,1896,182,16,22,306,46,128,317,634,146,217,26,540,246,341,236,49,158,85,248,233,137,96,128,71,57
2021-01-03,41,132,50,5,17,53,1144,176,50,17,304,60,157,289,561,118,224,25,409,110,236,241,50,128,55,193,63,105,66,118,45,31
2021-01-04,131,372,211,40,35,123,6833,432,38,164,885,183,344,707,1970,339,235,79,1189,350,567,652,100,327,157,518,390,346,173,330,137,187
2021-01-05,142,393,280,29,41,113,6754,400,41,180,1069,188,330,752,1951,394,243,59,1175,347,598,479,144,390,156,514,395,313,201,334,183,244
2021-01-06,135,332,270,32,45,132,6679,402,44,150,1086,188,287,857,1913,374,286,57,933,341,659,628,106,393,169,392,347,392,153,314,147,181
2021-01-07,157,346,274,22,58,135,6816,487,69,181,959,187,397,770,1982,298,303,59,1057,332,572,666,119,385,177,402,369,391,164,277,149,216
2021-01-08,149,295,259,40,49,113,6737,445,73,150,989,204,310,923,1913,282,323,69,1028,321,681,608,117,445,185,360,388,397,138,299,150,173
2021-01-09,60,119,109,10,23,56,3942,163,38,28,426,100,190,384,819,109,261,51,525,245,478,289,59,243,102,191,212,194,108,164,69,79
2021-01-10,45,104,63,6,26,47,1353,130,44,31,386,88,152,354,576,89,76,41,338,120,346,237,44,178,61,180,62,152,53,180,56,52
2021-01-11,237,368,255,31,69,121,7464,368,77,166,1264,361,337,1092,2270,344,374,97,1009,390,694,694,114,505,214,496,457,319,217,335,119,197
2021-01-12,187,290,252,24,55,131,6930,452,60,221,1227,324,304,841,2065,404,307,92,1006,263,732,660,176,437,211,331,346,395,178,316,136,160
2021-01-13,156,292,218,44,46,125,6876,368,63,150,1169,234,334,882,2123,363,255,97,882,296,611,635,113,442,192,315,326,358,163,282,103,151
2021-01-14,140,260,228,29,42,92,6636,378,48,165,1222,258,323,702,2095,279,418,88,973,250,631,665,95,432,163,332,330,318,163,355,117,170
2021-01-15,164,250,186,31,42,90,6336,398,52,130,1175,248,259,753,1940,247,382,72,1015,297,585,518,99,428,201,269,315,303,156,321,147,125
2021-01-16,48,91,113,11,15,60,3748,146,41,34,441,93,149,336,847,121,300,63,501,191,443,317,41,270,100,186,180,185,80,198,45,57
2021-01-17,51,82,68,9,29,44,1145,170,32,26,315,88,119,313,621,137,62,44,362,98,264,262,39,225,74,150,45,120,65,175,54,43
2021-01-18,210,313,236,29,52,161,6655,422,62,145,1130,298,270,860,2198,360,387,86,1097,280,697,822,92,523,223,473,445,375,186,350,98,158
2021-01-19,226,210,267,29,34,132,6468,460,74,158,1102,313,269,759,2132,327,423,108,1140,356,646,674,115,563,183,300,360,380,154,349,153,190
2021-01-20,192,212,231,33,42,122,5774,381,88,139,1026,294,258,755,2011,299,547,112,919,261,534,657,100,566,186,286,316,325,184,309,174,158
2021-01-21,187,218,220,29,35,116,5567,403,74,131,1010,266,262,694,1984,274,450,111,863,248,574,661,119,510,187,320,335,313,141,329,127,180
2021-01-22,161,206,262,37,35,95,5592,368,67,127,850,204,264,604,1900,270,466,97,928,229,566,637,129,485,205,282,353,350,137,328,126,142
2021-01-23,70,87,116,16,10,56,3111,140,28,33,437,87,127,306,859,124,467,59,454,138,390,282,110,260,79,167,240,158,77,177,66,73
2021-01-24,53,66,54,12,16,40,1090,123,37,26,292,75,161,293,486,110,52,36,287,114,269,199,37,171,82,93,74,116,62,137,58,31
2021-01-25,207,188,287,43,44,140,5866,371,61,160,993,316,292,773,2089,345,712,101,962,274,582,637,130,572,212,336,419,357,122,331,142,154
2021-01-26,163,240,245,33,50,118,5888,434,41,145,954,226,232,647,1800,295,591,91,924,273,571,637,119,561,184,211,308,315,120,319,149,192
2021-01-27,124,175,211,34,45,108,5077,321,64,115,739,233,279,616,1674,208,491,98,773,251,518,559,87,485,177,216,274,256,146,260,148,170
2021-01-28,132,181,188,23,46,102,4679,354,53,109,850,264,189,529,1528,230,486,79,749,226,443,533,118,408,151,206,248,271,124,248,153,153
2021-01-29,102,119,167,48,56,68,4292,283,61,89,780,226,198,462,1426,174,396,45,563,175,431,382,110,396,140,234,219,187,95,233,113,110
2021-01-30,33,59,65,7,31,52,2410,115,23,11,346,70,120,205,685,83,440,40,388,139,331,226,63,205,72,112,129,108,54,107,36,51
2021-01-31,33,50,42,11,26,39,805,78,15,29,300,88,108,177,453,82,38,28,189,82,218,201,26,110,58,79,48,87,42,109,35,28
2021-02-01,55,60,62,7,24,44,1161,95,31,11,368,76,81,258,436,114,44,23,246,138,245,180,37,186,50,109,177,103,68,129,44,64
2021-02-02,144,168,238,26,35,119,4520,284,65,157,826,268,173,443,1579,209,520,42,568,218,443,432,96,397,135,259,245,187,124,258,163,138
2021-02-03,109,141,217,28,36,96,3949,221,53,120,759,167,154,477,1270,181,435,61,512,218,427,448,77,338,137,204,260,203,113,219,118,147
2021-02-04,99,125,190,17,10,80,3686,217,46,86,740,228,134,349,1131,154,447,39,490,203,371,415,76,298,114,182,220,162,123,189,91,141
2021-02-05,96,102,162,17,25,82,3549,218,59,70,776,178,123,303,1055,132,426,40,413,203,360,367,73,233,116,190,224,163,130,150,73,115
2021-02-06,32,42,70,4,8,46,1935,59,28,17,356,69,77,147,526,82,269,29,225,143,253,212,23,146,59,86,120,63,58,87,35,40
2021-02-07,35,46,45,2,8,34,547,48,19,19,272,44,71,131,329,42,44,20,116,63,152,133,17,81,56,49,26,73,72,87,55,32
2021-02-08,115,146,193,25,22,119,4000,249,61,123,761,178,155,350,1303,137,416,41,524,231,450,386,68,332,173,166,246,181,99,204,128,109
2021-02-09,88,100,152,15,27,91,3124,210,50,89,652,135,120,316,1066,115,180,42,431,175,322,366,62,207,119,163,231,162,81,204,117,128
2021-02-10,82,93,97,27,24,75,3000,158,34,90,513,126,91,305,989,90,238,37,393,216,303,290,43,176,98,187,200,125,71,147,120,106
2021-02-11,90,107,127,12,32,87,2683,150,27,62,448,152,109,302,917,91,105,28,286,163,350,280,41,193,110,145,187,143,72,150,98,101
2021-02-12,54,85,83,19,26,84,2953,126,25,49,459,118,80,278,928,89,79,34,282,170,309,265,32,175,127,111,152,124,95,144,96,83
2021-02-13,18,32,51,4,10,34,1731,43,25,21,181,32,62,90,424,54,56,19,105,113,167,142,39,120,43,67,75,40,33,83,50,45
2021-02-14,21,33,33,7,5,25,518,34,15,24,154,40,54,95,237,46,33,13,63,57,159,115,20,82,43,37,32,26,36,61,43,13
2021-02-15,93,98,106,16,15,62,2994,89,38,81,485,140,92,341,1062,97,242,25,171,189,370,354,65,166,136,128,205,44,72,153,111,115
2021-02-16,76,61,87,10,20,112,2832,138,27,44,426,134,84,247,1017,88,287,24,219,172,301,308,68,139,119,110,174,72,59,144,87,126
2021-02-17,73,51,100,13,16,88,2504,104,26,70,408,98,108,244,875,88,187,27,222,165,259,316,48,158,88,103,161,76,56,134,108,75
2021-02-18,84,58,116,20,28,88,2438,106,24,52,453,97,92,244,907,94,105,26,197,147,283,320,42,167,96,117,143,73,41,134,112,89
2021-02-19,62,48,77,14,15,94,2444,141,29,44,426,89,84,210,844,75,207,31,225,140,269,305,55,151,81,106,150,72,53,107,96,62
2021-02-20,28,32,39,12,7,45,1375,48,13,12,155,40,48,75,391,48,34,11,110,109,183,187,30,71,32,42,66,40,26,54,44,32
2021-02-21,20,23,12,9,7,39,495,38,13,25,115,36,45,77,258,39,34,6,98,60,148,119,18,58,37,46,36,31,20,43,35,17
2021-02-22,98,80,127,31,20,158,3098,122,39,92,506,130,108,285,1061,101,215,26,279,217,331,354,65,168,109,127,208,101,72,148,123,63
2021-02-23,74,61,106,12,16,97,2761,116,18,64,351,101,110,270,885,83,191,33,269,160,344,398,41,157,90,95,146,93,45,125,139,82
2021-02-24,80,72,80,22,19,80,2461,105,27,57,323,97,105,258,830,71,210,32,236,219,262,315,28,148,77,91,144,108,46,105,103,77
2021-02-25,70,64,87,14,13,112,2438,98,19,46,368,102,98,226,776,76,204,36,245,153,301,345,42,148,85,79,158,92,52,100,91,62
2021-02-26,70,64,69,21,15,114,2568,99,26,49,356,101,89,195,828,84,216,18,213,205,295,289,38,128,87,85,120,83,60,105,147,60
2021-02-27,15,24,33,4,3,37,1540,36,12,12,170,37,51,66,342,55,57,10,94,102,203,161,16,87,40,47,64,38,22,60,53,24
2021-02-28,16,24,23,8,4,42,541,34,9,12,111,41,54,79,283,48,56,7,66,53,147,150,22,35,29,42,22,32,18,56,44,14
2021-03-01,95,79,93,25,24,148,3016,111,17,82,393,126,125,268,1109,83,353,25,256,233,358,436,55,214,91,106,219,108,55,153,140,93
2021-03-02,76,77,70,19,17,83,2648,90,17,60,306,116,103,185,869,93,157,24,208,199,257,297,46,176,76,110,140,100,53,93,127,78
2021-03-03,63,71,62,19,28,122,2501,103,22,55,264,108,100,199,843,73,109,12,188,149,278,318,33,148,72,92,157,95,51,98,110,55
2021-03-04,68,68,86,22,14,96,2353,91,18,61,244,104,72,168,712,80,225,16,181,148,280,308,42,123,67,116,147,79,41,113,125,81
2021-03-05,54,61,61,31,18,103,2230,75,12,44,278,94,88,151,743,81,144,25,179,118,230,296,34,115,79,118,183,69,48,110,100,57
2021-03-06,18,20,28,8,4,52,1278,35,13,17,122,45,42,53,290,29,61,12,90,90,163,122,19,100,47,69,66,47,24,52,38,19
2021-03-07,19,24,19,6,10,38,506,27,10,17,81,40,45,64,248,34,74,9,64,66,117,124,14,47,35,54,27,31,11,53,40,49
2021-03-08,89,67,82,29,24,153,2483,77,28,78,287,123,98,178,874,91,293,24,193,155,297,334,37,151,96,112,177,110,56,119,106,78
2021-03-09,45,58,65,18,15,117,2126,71,24,59,208,104,64,157,765,70,246,19,168,179,260,286,31,106,74,144,161,80,28,94,94,56
2021-03-10,66,42,51,18,44,124,1786,74,15,50,233,71,79,128,659,60,221,22,163,149,218,332,39,127,79,129,158,82,49,99,106,72
2021-03-11,64,50,70,14,24,108,1886,47,10,38,247,82,74,127,651,47,170,20,187,148,236,273,34,93,69,112,140,60,69,104,97,40
2021-03-12,51,27,54,13,15,91,1912,54,19,61,225,86,64,119,645,66,204,18,140,98,261,233,40,124,55,123,135,84,60,76,90,29
2021-03-13,10,11,28,9,10,54,1055,20,7,8,122,37,33,53,272,24,46,10,61,52,170,137,24,87,39,52,69,32,41,51,42,15
2021-03-14,11,10,21,3,10,43,458,16,10,9,59,27,19,39,162,23,40,15,48,44,105,111,17,36,22,41,28,25,30,45,28,13
2021-03-15,18,17,18,8,8,46,551,23,14,24,114,43,42,54,184,48,71,4,71,90,138,122,35,71,43,46,49,36,41,68,33,23
2021-03-16,98,49,101,22,22,148,2405,58,23,86,327,84,89,186,882,82,166,23,192,112,267,283,62,124,95,151,170,91,86,124,112,72
2021-03-17,46,33,67,27,14,115,1965,64,16,65,224,95,69,120,675,73,128,18,137,104,213,235,35,116,85,96,128,68,42,100,108,43
2021-03-18,46,47,73,11,20,123,1848,43,16,59,214,94,72,124,613,72,126,14,102,117,235,199,43,95,81,98,145,60,46,64,94,59
2021-03-19,45,21,105,12,19,123,1626,35,22,47,200,85,83,131,601,78,127,13,100,156,209,210,37,96,79,94,131,67,49,74,85,31
2021-03-20,74,18,33,3,3,68,963,16,8,8,81,28,28,50,221,28,51,14,51,80,144,110,30,40,34,55,46,34,24,39,43,19
2021-03-21,15,11,24,7,12,56,361,11,6,16,67,35,28,42,193,27,33,5,27,36,125,94,22,33,29,55,28,15,27,47,38,30
2021-03-22,48,76,109,13,14,205,1991,69,11,62,305,89,91,150,752,72,156,19,112,94,243,249,63,116,104,127,190,73,83,115,97,58
2021-03-23,47,55,117,17,20,170,1851,82,10,50,221,89,64,106,650,74,107,10,106,116,205,223,56,87,75,111,131,59,73,109,81,60
2021-03-24,33,51,76,24,11,179,1552,39,12,55,200,93,70,101,630,84,104,17,72,91,187,177,45,91,77,126,129,63,61,100,81,46
2021-03-25,46,56,100,21,13,197,1537,39,12,43,244,69,67,111,601,67,79,8,92,113,174,198,36,81,68,107,108,58,61,83,86,50
2021-03-26,34,42,82,10,18,175,1404,70,6,34,219,58,52,88,521,55,94,5,109,75,182,152,50,84,74,124,130,56,31,60,74,45
2021-03-27,67,14,56,12,10,65,921,16,8,14,61,24,19,50,213,42,40,4,38,65,123,79,29,50,29,43,49,19,13,40,25,35
2021-03-28,14,10,19,3,4,47,341,24,11,17,83,31,27,45,135,23,32,5,31,34,92,53,21,38,26,37,21,23,14,27,27,19
2021-03-29,63,62,78,33,17,232,1671,58,18,53,233,93,85,135,712,78,121,15,145,116,214,186,40,121,104,145,165,70,40,68,90,73
2021-03-30,48,42,84,22,19,198,1564,55,9,47,121,91,62,102,566,82,120,13,106,87,190,111,48,85,63,105,163,62,30,65,76,37
2021-03-31,41,48,77,11,22,183,1426,37,5,25,105,76,51,96,480,89,66,6,106,82,144,180,46,96,80,99,110,58,28,74,73,40
2021-04-01,18,32,67,9,12,83,602,18,8,23,86,49,44,50,183,25,36,10,54,64,128,105,30,59,30,38,58,21,18,39,71,31
2021-04-02,10,20,30,7,3,84,458,16,9,7,67,58,28,52,169,40,51,10,38,37,99,66,26,52,28,53,40,32,42,31,31,15
2021-04-03,16,11,42,8,2,123,341,16,4,16,79,30,25,54,158,22,25,5,47,59,98,78,30,50,30,40,62,38,18,40,41,12
2021-04-04,15,14,27,11,6,101,295,18,4,9,65,26,33,59,144,29,24,10,24,35,98,73,35,26,30,50,62,29,15,28,27,17
2021-04-05,70,64,122,10,25,326,1640,71,17,94,190,107,94,133,705,121,112,23,131,100,205,241,70,113,96,140,193,86,55,78,104,35
2021-04-06,51,34,89,12,19,312,1430,37,11,66,131,92,76,149,535,91,90,26,105,86,159,217,61,113,85,100,140,77,55,80,103,37
2021-04-07,43,43,96,22,36,301,1384,37,26,61,146,61,80,107,453,91,94,19,103,73,166,176,58,118,88,115,135,75,41,81,66,45
2021-04-08,33,44,70,10,30,276,1281,31,17,58,110,89,55,114,488,72,95,24,117,65,173,161,61,101,72,127,153,56,40,83,97,57
2021-04-09,55,42,68,12,25,235,1302,43,14,48,109,103,56,117,538,59,59,18,79,52,166,138,68,94,65,117,132,80,20,66,56,42
2021-04-10,19,19,50,3,12,90,828,10,11,25,54,31,48,62,230,39,31,13,35,38,104,84,46,87,41,58,48,29,12,26,31,22
2021-04-11,28,6,14,7,7,79,242,13,7,11,41,24,30,48,146,29,24,12,26,19,77,49,31,33,28,23,39,29,15,30,21,22
2021-04-12,61,53,104,19,20,312,1455,75,19,57,173,112,72,128,655,93,143,19,125,97,185,166,81,114,87,148,202,86,38,75,88,56
2021-04-13,33,43,75,15,18,308,1299,48,18,61,112,105,77,97,571,67,61,18,112,71,150,144,61,109,67,110,110,79,34,69,91,41
2021-04-14,43,45,89,9,11,276,1191,31,20,33,101,76,83,99,445,66,94,18,80,67,146,105,83,82,53,76,177,68,36,64,70,30
2021-04-15,44,36,76,14,22,225,1205,36,25,59,83,79,52,91,435,69,72,15,93,66,147,117,72,94,39,104,127,81,23,71,77,45
2021-04-16,33,34,51,13,16,229,1008,62,20,36,56,76,75,88,369,46,103,17,82,51,115,111,69,80,41,83,111,75,35,49,67,40
2021-04-17,6,7,43,2,8,76,613,21,14,15,28,18,36,39,163,27,25,7,37,38,85,45,60,36,22,47,50,22,8,51,26,18
2021-04-18,9,14,26,3,8,60,224,15,11,12,25,34,25,36,112,31,24,6,16,20,65,45,58,24,24,45,31,26,4,26,35,15
2021-04-19,47,69,93,49,25,290,1209,39,16,56,115,75,78,116,472,74,125,28,84,68,144,143,95,89,72,101,227,95,39,89,85,55
2021-04-20,23,45,63,6,10,287,1088,34,10,45,85,74,54,103,456,65,108,16,86,38,123,138,85,67,57,83,133,81,32,68,79,38
2021-04-21,27,27,74,14,16,259,1092,30,20,33,98,58,61,85,396,57,84,11,61,48,132,138,103,85,55,123,176,89,34,59,72,28
2021-04-22,34,46,63,20,21,195,912,32,13,54,87,80,44,76,368,62,112,20,73,56,114,101,72,82,69,82,142,77,24,68,64,29
2021-04-23,29,41,66,14,21,198,876,29,12,33,81,70,45,80,316,52,107,17,105,55,104,110,80,77,51,95,146,56,27,86,81,42
2021-04-24,15,21,32,6,9,89,576,12,24,9,49,31,18,36,173,24,24,7,41,30,67,51,62,48,34,43,79,38,21,34,27,22
2021-04-25,19,23,27,7,3,86,183,10,21,13,35,18,19,30,101,17,26,4,25,24,56,44,44,19,19,39,53,33,5,31,25,15
2021-04-26,33,70,63,13,30,298,1015,36,16,44,135,81,52,120,475,69,138,21,92,76,127,131,107,79,75,116,176,97,25,63,79,53
2021-04-27,33,37,72,22,25,211,983,33,26,44,88,66,39,83,332,57,147,12,89,50,100,94,122,60,49,88,190,101,25,64,84,46
2021-04-28,37,39,69,35,16,185,895,34,21,26,80,71,38,87,329,59,117,20,74,65,98,94,104,71,44,56,136,80,24,48,102,35
2021-04-29,29,37,71,30,12,167,801,41,18,37,67,75,38,74,350,72,108,15,74,41,88,72,103,60,42,61,122,89,16,43,89,47
2021-04-30,23,36,55,33,17,134,758,36,24,19,47,56,34,54,218,41,132,27,63,58,102,84,113,41,31,62,156,85,13,50,79,37
2021-05-01,4,12,25,4,5,70,226,14,9,8,25,33,13,21,88,22,18,10,23,31,43,13,59,29,10,35,48,32,3,23,30,19
2021-05-02,8,17,24,9,5,53,191,9,14,10,29,22,12,24,75,20,21,15,27,17,40,21,62,25,15,37,46,33,13,15,27,21
2021-05-03,29,65,72,42,22,191,810,42,24,39,67,85,38,100,290,57,114,19,101,51,129,129,141,53,61,82,229,135,23,69,94,50
2021-05-04,21,46,60,17,16,178,626,41,24,33,53,84,24,75,272,62,116,20,90,35,97,89,139,69,46,87,174,120,13,58,92,42
2021-05-05,20,46,54,14,21,148,682,29,35,18,47,72,23,90,225,58,75,17,93,84,79,54,123,57,45,53,81,101,16,44,53,40
2021-05-06,35,46,63,30,23,152,606,37,28,33,90,96,37,86,209,52,97,24,75,53,75,61,114,74,27,70,184,110,14,55,93,36
2021-05-07,19,67,61,17,13,113,623,27,18,28,52,55,32,55,241,57,99,18,101,50,42,48,120,69,34,63,139,103,10,41,69,37
2021-05-08,18,24,28,8,3,48,384,23,19,5,20,33,11,32,66,26,14,5,46,39,54,19,75,37,22,40,59,46,5,31,16,25
2021-05-09,11,20,24,1,4,38,91,8,17,2,27,20,10,30,66,3,16,3,28,15,35,21,71,20,10,30,46,40,3,33,28,12
2021-05-10,10,44,44,16,7,97,362,19,23,11,30,61,9,41,134,32,48,13,62,33,37,37,94,57,28,45,129,101,11,37,45,24
2021-05-11,35,112,78,21,25,174,693,40,27,45,54,92,22,94,334,63,77,16,97,44,66,77,149,58,69,93,166,163,13,64,110,38
2021-05-12,17,60,54,23,16,135,620,28,29,24,51,77,21,63,230,41,72,10,87,40,56,48,179,52,44,83,167,123,5,78,79,32
2021-05-13,23,66,49,29,19,106,510,34,34,35,52,39,13,51,223,38,58,8,78,26,62,40,173,58,40,56,161,113,15,53,86,27
2021-05-14,25,57,76,16,17,85,613,19,21,24,44,45,14,49,255,34,54,20,94,29,60,58,156,52,35,69,159,125,9,63,83,32
2021-05-15,4,10,23,18,7,38,308,11,12,8,32,17,6,21,139,19,8,8,53,28,33,12,77,31,25,37,58,64,15,38,49,5
2021-05-16,6,16,16,14,6,39,117,6,12,5,13,12,17,17,87,20,9,3,19,10,20,7,69,17,21,40,31,42,4,34,37,7
2021-05-17,20,65,71,33,22,133,615,34,21,42,68,39,17,71,250,53,45,22,126,44,63,40,179,73,58,84,210,179,19,69,110,31
2021-05-18,13,61,77,30,25,96,613,27,18,28,39,46,19,55,210,34,25,26,84,47,72,32,160,48,54,93,157,141,15,82,126,32
2021-05-19,13,45,73,44,12,98,533,24,21,27,61,61,16,65,223,20,28,24,91,47,51,33,171,36,65,76,213,109,12,79,103,26
2021-05-20,16,53,72,36,11,92,561,28,34,17,37,48,22,35,241,32,27,14,96,34,53,25,146,31,72,62,179,116,17,87,109,20
2021-05-21,15,46,111,32,19,71,594,26,17,25,29,54,24,52,206,24,24,15,127,28,42,32,156,49,45,57,155,111,15,66,109,25
2021-05-22,2,17,43,13,6,22,301,4,16,2,34,6,8,19,137,12,4,11,30,18,35,18,94,20,17,37,84,62,6,27,34,14
2021-05-23,5,14,33,20,11,11,120,6,14,2,18,13,16,25,51,17,8,6,26,15,19,11,70,10,21,26,48,64,19,23,48,12
2021-05-24,16,67,131,29,25,91,636,41,17,25,47,57,29,72,262,33,32,21,144,43,48,35,200,58,71,118,220,147,14,93,121,23
2021-05-25,11,44,106,34,14,65,673,28,16,29,30,49,24,67,236,16,25,12,137,42,58,42,168,40,80,94,186,148,11,81,145,18
2021-05-26,13,40,135,26,17,77,665,32,12,22,36,45,20,44,200,19,32,13,77,53,41,39,170,46,68,86,189,143,11,100,159,18
2021-05-27,12,50,88,32,34,68,552,29,23,34,37,46,35,60,225,26,16,9,125,24,46,41,164,42,44,94,159,157,15,78,188,11
2021-05-28,11,48,123,26,18,38,645,24,14,20,18,31,23,42,204,25,27,8,106,39,40,19,142,53,76,77,202,128,14,74,186,6
2021-05-29,5,21,47,13,14,19,285,11,22,4,11,5,10,14,75,14,5,6,42,24,30,9,101,21,20,40,108,59,5,35,63,5
2021-05-30,4,14,56,14,6,24,114,7,19,16,10,6,7,23,84,15,10,14,33,14,18,7,86,16,19,29,101,46,3,42,73,3
2021-05-31,9,89,154,41,33,62,639,18,23,23,43,37,29,65,228,16,20,19,122,28,44,34,220,53,85,100,300,180,9,117,233,15
2021-06-01,11,55,155,43,11,53,678,29,17,19,29,33,22,47,200,23,21,12,100,23,37,21,206,53,67,113,210,184,10,100,227,12
2021-06-02,9,59,167,53,30,59,687,28,29,17,41,27,12,67,171,14,8,17,88,20,47,15,187,42,64,96,254,173,7,99,218,15
2021-06-03,12,36,132,27,24,57,608,20,9,12,41,18,14,69,151,16,15,11,111,30,31,24,186,33,72,109,264,179,9,97,235,13
2021-06-04,9,43,171,32,29,49,636,27,16,9,27,16,24,46,166,15,17,14,134,23,44,21,186,47,67,116,228,169,12,131,243,8
2021-06-05,8,21,81,20,13,25,316,13,8,5,18,16,18,15,88,6,6,7,57,15,21,5,124,20,30,61,141,81,1,44,70,5
2021-06-06,3,10,50,10,9,9,109,8,10,6,12,15,16,27,62,4,7,1,37,20,15,7,94,16,15,24,64,71,1,50,61,1
2021-06-07,11,53,255,42,37,55,843,36,20,28,30,29,21,63,222,19,11,21,161,60,36,29,198,50,135,161,377,217,5,139,335,13
2021-06-08,13,42,254,45,41,50,894,37,11,17,51,31,23,46,239,16,11,19,133,45,44,30,246,47,104,160,340,204,9,111,291,14
2021-06-09,5,34,251,59,20,56,894,35,19,46,42,21,18,42,242,15,11,20,105,27,32,9,205,37,84,139,284,242,2,124,280,9
2021-06-10,21,22,297,42,24,50,793,33,13,18,38,23,17,49,231,17,11,13,130,39,24,17,217,30,99,169,241,224,3,113,292,15
2021-06-11,5,55,267,47,36,34,798,22,14,54,33,25,20,51,220,18,14,28,124,23,42,13,163,49,102,155,285,231,4,102,266,10
2021-06-12,0,10,149,25,22,14,452,8,15,8,18,14,7,29,137,8,6,8,37,23,25,4,117,16,55,64,196,92,3,66,84,4
2021-06-13,1,17,135,28,20,18,150,8,3,3,16,9,8,18,60,5,5,5,26,14,22,8,79,14,33,51,134,75,0,58,73,5
2021-06-14,11,68,405,81,51,54,959,33,7,25,50,25,25,74,304,8,19,26,138,62,32,22,189,43,161,211,386,271,6,146,328,15
2021-06-15,10,54,396,58,34,47,964,33,11,18,27,18,13,43,257,11,21,28,125,27,28,22,183,46,146,191,339,307,13,117,294,13
2021-06-16,4,68,467,88,31,26,1003,36,19,22,39,23,27,35,246,15,13,14,136,41,41,21,227,36,146,168,340,226,2,123,260,8
2021-06-17,8,51,410,76,40,22,1059,33,19,18,22,25,17,48,286,20,12,19,120,40,38,19,168,59,127,194,346,268,3,135,274,7
2021-06-18,5,27,402,60,42,31,1093,35,9,12,30,15,22,69,276,13,11,28,107,35,31,16,229,40,152,185,306,286,1,140,282,5
2021-06-19,1,8,186,29,25,12,617,12,6,2,7,6,12,18,107,7,1,12,60,52,23,12,140,25,70,89,243,115,2,72,97,4
2021-06-20,4,19,110,37,17,8,216,14,3,2,6,7,6,38,67,5,5,2,40,16,19,10,134,16,42,61,109,108,2,62,87,2
2021-06-21,10,69,490,94,47,39,1338,36,17,23,45,40,20,90,429,28,24,32,179,33,42,16,248,73,208,294,415,336,11,230,371,13
2021-06-22,12,56,414,88,47,33,1498,25,14,21,44,30,26,75,389,14,7,19,124,62,43,29,311,59,209,218,387,330,2,209,392,15
2021-06-23,7,49,407,99,48,27,1533,27,29,27,45,32,18,88,434,27,7,18,175,93,36,30,289,46,180,254,374,348,10,226,369,17
2021-06-24,8,46,374,111,51,41,1618,29,23,23,35,38,40,90,411,23,12,22,161,84,43,17,307,54,220,243,372,290,7,231,325,11
2021-06-25,6,52,442,90,40,31,1543,29,18,11,20,43,41,114,451,16,8,29,150,95,38,26,288,63,196,210,397,261,5,233,304,2
2021-06-26,2,18,234,37,15,12,1000,12,6,5,8,17,12,45,226,11,9,10,70,51,29,21,154,26,80,107,187,133,3,107,106,6
2021-06-27,2,20,96,34,28,5,398,8,7,5,7,24,15,40,95,17,5,9,48,37,21,11,151,9,77,104,142,101,3,93,97,3
2021-06-28,13,73,577,131,56,41,1988,36,21,31,75,67,40,160,554,43,17,40,239,125,48,34,340,50,292,296,470,358,4,343,406,14
2021-06-29,19,54,441,88,51,35,1936,40,30,31,55,68,42,142,585,33,24,61,214,102,40,28,291,68,287,287,439,303,8,312,313,22
2021-06-30,16,58,393,85,47,43,1948,51,31,32,44,70,42,142,580,35,19,40,217,108,39,61,285,53,296,222,368,294,10,311,327,9
2021-07-01,10,46,344,89,35,35,2232,28,21,24,63,75,35,165,603,34,26,46,258,124,63,63,263,64,322,257,357,264,7,320,258,7
2021-07-02,7,50,357,68,45,54,2330,35,20,30,65,89,47,129,733,42,11,63,239,152,47,60,328,59,331,223,335,268,12,311,246,3
2021-07-03,2,16,186,42,20,14,1385,19,5,7,37,37,26,71,274,30,7,37,131,76,31,16,202,29,143,120,126,125,2,164,87,6
2021-07-04,5,16,136,34,12,17,545,6,10,7,24,73,23,79,183,16,8,21,78,86,29,25,167,22,143,68,115,90,4,146,68,12
2021-07-05,15,71,437,119,53,62,3057,64,41,50,95,234,101,317,951,60,32,85,364,187,95,115,338,68,471,273,395,329,5,474,351,30
2021-07-06,17,67,441,113,52,53,3184,58,41,46,151,222,82,352,974,56,27,104,335,189,61,108,344,74,499,272,317,281,9,475,312,31
2021-07-07,13,69,419,130,64,96,3521,59,41,48,164,289,111,362,1050,66,51,106,365,168,89,107,390,87,535,255,348,279,13,477,324,25
2021-07-08,20,41,354,72,50,85,3557,68,44,50,115,333,109,374,1093,80,63,118,363,172,122,115,403,90,600,233,321,248,16,499,286,48
2021-07-09,19,54,371,78,61,72,3467,107,36,50,146,318,108,423,1211,64,97,115,420,195,126,93,339,78,684,306,356,265,22,538,287,44
2021-07-10,4,23,195,38,36,30,2101,45,24,6,83,227,51,146,360,33,11,55,171,159,87,24,234,45,334,154,155,125,11,257,90,10
2021-07-11,5,16,113,31,33,22,955,18,20,7,76,147,56,176,247,47,21,55,96,137,61,46,170,34,261,141,90,112,6,239,78,10
2021-07-12,33,56,471,121,83,116,4418,137,77,96,224,500,153,646,1621,188,129,137,626,275,144,159,402,151,821,394,394,323,44,644,364,60
2021-07-13,48,66,414,92,114,120,4714,121,99,86,293,482,187,682,1616,163,85,159,573,279,139,161,421,161,765,369,390,292,21,584,317,58
2021-07-14,40,61,298,119,92,92,4678,133,101,114,229,475,152,708,1554,140,83,246,682,319,173,178,401,133,775,414,375,269,43,550,282,67
2021-07-15,33,72,301,108,104,95,4175,141,110,95,227,591,186,756,1530,167,98,243,662,279,153,187,441,199,691,357,381,271,38,548,294,84
2021-07-16,58,92,282,94,111,84,4289,135,113,133,223,588,185,725,1807,201,142,260,659,358,140,202,398,185,717,381,390,263,37,584,255,50
2021-07-17,14,26,137,26,59,38,2509,59,54,29,193,246,115,317,554,70,26,103,275,238,116,67,268,80,339,186,187,121,16,340,89,19
2021-07-18,9,16,134,34,52,37,1036,46,72,39,150,279,93,259,368,61,22,113,222,190,83,72,192,54,263,141,132,91,15,295,88,32
2021-07-19,75,90,372,116,118,134,5339,213,154,128,295,875,266,1086,2197,215,197,406,876,481,238,250,440,283,782,460,486,349,48,794,345,141
2021-07-20,72,91,311,106,145,139,5475,199,186,154,273,893,241,1206,2225,226,205,412,850,451,239,257,503,253,797,392,383,317,61,838,310,177
2021-07-21,65,75,292,102,150,140,5148,184,211,149,399,861,246,1159,2196,220,222,392,843,456,242,246,459,353,716,380,482,261,82,856,269,129
2021-07-22,65,92,278,119,124,125,5476,186,211,143,295,963,266,1139,2401,302,277,457,942,500,257,285,427,369,799,416,510,262,62,766,245,143
2021-07-23,62,99,278,103,204,150,4749,203,240,173,341,687,276,1072,2300,269,258,534,954,488,275,303,449,390,782,370,453,250,56,911,267,132
2021-07-24,14,43,111,54,94,52,2899,93,132,54,245,246,156,491,703,105,37,216,396,300,212,66,287,183,284,196,270,129,38,502,74,55
2021-07-25,11,36,85,43,55,28,1369,52,97,42,170,420,164,429,579,112,44,214,303,225,179,66,233,91,308,173,173,124,29,433,81,28
2021-07-26,120,120,350,148,196,146,5943,274,298,232,554,862,368,1521,2830,393,387,558,1223,574,374,385,498,546,889,567,596,353,69,970,328,151
2021-07-27,122,111,292,138,191,160,5556,275,332,237,466,882,362,1477,2725,359,332,563,1386,645,368,344,510,529,809,500,609,394,98,997,279,181
2021-07-28,93,116,290,151,165,127,5279,323,356,249,337,819,347,1424,2366,317,350,449,1200,580,324,380,498,572,635,542,654,406,100,907,226,176
2021-07-29,101,115,266,154,197,156,5737,283,381,294,363,974,314,1385,2605,368,339,406,1128,538,399,354,491,514,588,549,652,319,125,919,213,218
2021-07-30,93,116,259,121,190,100,4965,328,359,228,390,886,324,1289,2382,358,393,344,1267,516,395,338,445,562,634,452,607,337,113,947,254,174
2021-07-31,14,29,96,59,103,34,2941,152,153,54,173,369,187,421,831,151,56,183,484,301,253,118,313,319,262,245,287,135,28,473,98,66
2021-08-01,43,32,62,51,88,58,1387,92,188,59,175,403,163,398,650,214,54,178,442,280,225,133,246,179,283,201,268,156,59,456,61,59
2021-08-02,170,137,276,199,202,132,5612,368,335,377,553,883,406,1457,2798,367,219,542,1668,607,504,430,496,771,590,535,818,528,120,1055,338,179
2021-08-03,151,126,244,161,208,136,5476,363,361,321,499,991,371,1357,2623,459,122,609,1521,588,487,479,574,781,546,548,835,506,122,1012,264,202
2021-08-04,146,142,188,146,211,119,5026,322,360,303,543,740,424,1363,2488,514,171,498,1533,526,527,451,455,729,480,480,829,481,130,1027,258,183
2021-08-05,87,138,186,179,175,131,5111,339,416,261,479,934,411,1263,2405,456,145,509,1652,671,606,414,536,739,449,466,806,508,127,988,239,212
2021-08-06,104,149,214,158,187,136,4726,327,395,424,508,858,427,1112,2376,458,207,449,1531,499,556,438,440,799,419,476,773,531,142,1038,253,185
2021-08-07,43,45,75,87,105,56,2925,199,168,67,242,239,176,412,748,164,57,167,569,331,337,159,321,481,266,244,412,216,93,560,87,49
2021-08-08,30,44,41,66,91,28,1399,150,223,48,221,420,174,449,571,170,60,229,477,246,291,142,231,238,182,218,298,189,65,456,71,68
2021-08-09,157,185,229,226,216,183,5308,437,419,393,655,881,500,1565,2620,528,287,606,1973,644,687,622,544,939,520,487,1169,681,177,1185,350,279
2021-08-10,135,159,169,223,202,137,5397,472,462,378,696,743,483,1398,2603,534,254,488,1936,619,649,544,473,892,420,520,1145,703,161,1131,315,368
2021-08-11,115,157,165,212,196,117,5094,418,464,330,653,697,423,1334,2292,490,254,503,1702,534,692,560,439,961,360,514,1176,627,157,1023,296,249
2021-08-12,129,204,134,182,176,103,4671,393,451,349,738,655,522,1393,2212,520,231,441,1630,509,655,559,392,867,323,527,1184,504,184,1012,293,239
2021-08-13,123,164,163,260,198,79,4493,371,405,350,658,614,400,1163,2190,498,186,388,1759,499,734,468,420,951,312,452,1070,592,166,1073,293,211
2021-08-14,30,52,80,90,93,25,2215,173,179,62,311,275,192,406,683,165,62,177,539,331,449,172,230,516,124,208,559,265,93,584,112,81
2021-08-15,22,49,34,110,68,26,1016,126,245,70,209,209,240,380,464,188,87,171,432,182,380,110,174,282,103,192,391,200,92,410,68,72
2021-08-16,166,254,210,293,215,120,4488,461,484,339,926,692,546,1453,2464,525,247,450,1946,560,692,613,476,945,336,529,1421,724,191,1060,400,315
2021-08-17,178,188,157,255,222,100,4159,459,443,307,756,567,467,1123,2106,488,198,387,1784,515,793,567,362,950,296,551,1235,634,162,1039,374,232
2021-08-18,149,204,175,313,179,89,4016,360,435,306,702,479,448,1178,1790,479,261,296,1710,504,753,573,344,895,264,459,1225,652,204,1021,331,214
2021-08-19,142,197,128,209,184,91,3722,381,407,214,747,486,455,1031,1844,444,191,300,1444,542,730,562,215,805,253,429,1048,537,201,827,137,179
2021-08-20,129,175,120,176,154,93,3532,352,393,228,692,437,379,894,1628,434,133,274,1433,493,670,521,267,772,249,434,911,586,192,813,342,163
2021-08-21,34,55,58,74,93,52,1569,191,177,49,257,171,141,360,520,172,77,114,453,264,284,153,202,330,138,208,538,229,95,439,122,56
2021-08-22,26,66,40,104,63,28,832,130,212,47,243,117,157,333,411,118,73,128,344,257,251,109,175,182,89,165,405,192,81,411,94,50
2021-08-23,210,269,178,290,208,107,3566,368,400,247,841,462,443,1238,1983,467,255,306,1643,518,729,603,337,808,294,567,1505,683,175,996,415,241
2021-08-24,126,193,117,243,169,102,3592,328,397,214,772,383,386,1058,1624,416,200,274,1460,547,663,546,301,655,240,459,1217,616,191,804,360,172
2021-08-25,142,215,128,225,131,96,3172,401,358,199,722,359,359,995,1425,393,199,223,1291,390,648,486,300,654,205,455,1029,662,160,775,361,168
2021-08-26,119,178,141,180,121,85,3082,318,347,174,707,373,299,951,1386,367,174,232,1266,332,658,502,206,558,189,367,1081,515,182,730,340,141
2021-08-27,133,140,97,157,122,61,3165,298,300,211,678,202,296,862,1360,327,177,243,1219,331,615,471,200,571,196,404,1067,514,138,718,321,166
2021-08-28,23,61,36,90,62,27,1682,132,122,24,268,110,138,316,509,127,92,81,386,216,317,138,119,315,118,142,461,238,96,438,129,48
2021-08-29,31,34,31,64,54,22,734,99,138,33,316,109,141,246,321,118,55,60,314,144,263,122,127,152,50,121,254,191,50,325,80,31
2021-08-30,186,195,153,234,138,111,3129,399,317,222,1000,246,354,1071,1467,381,190,236,1471,420,569,529,238,591,120,474,1289,614,160,792,377,161
2021-08-31,116,127,95,214,130,88,2575,371,275,196,827,236,335,991,1281,348,140,198,1186,433,614,477,227,521,170,350,1211,572,169,676,407,136
2021-09-01,98,138,90,191,122,82,2481,376,313,193,719,296,293,879,1167,299,166,211,1068,401,551,453,201,486,161,382,1118,582,140,660,376,116
2021-09-02,149,146,93,173,105,103,2475,364,250,181,745,251,273,917,1091,321,158,159,846,362,524,420,162,435,152,366,958,504,163,669,327,132
2021-09-03,124,134,58,102,111,78,2479,348,259,156,627,244,247,815,1025,274,149,172,816,339,582,406,166,410,160,349,957,524,143,641,345,105
2021-09-04,36,51,34,65,61,35,1390,157,137,53,280,87,112,299,495,122,87,84,256,212,266,147,90,238,73,95,535,222,90,417,113,48
2021-09-05,21,51,21,62,44,21,681,123,127,44,217,77,102,277,290,116,97,57,200,123,191,120,78,86,44,90,200,182,65,304,78,26
2021-09-06,106,173,88,185,142,110,2590,360,266,190,920,261,313,1137,1434,359,230,183,996,397,665,504,191,495,163,343,1167,608,187,709,440,132
2021-09-07,112,147,81,161,134,87,2093,378,234,158,715,199,232,930,1303,309,182,179,901,346,577,358,150,374,165,302,986,498,149,583,306,90
2021-09-08,89,154,70,134,89,90,1812,295,244,141,645,155,179,840,1173,315,205,122,801,280,525,365,157,380,137,287,916,499,148,551,346,92
2021-09-09,93,141,67,134,99,75,2053,243,205,157,668,162,207,835,1324,249,163,123,710,298,570,362,121,341,147,288,803,426,119,568,349,93
2021-09-10,112,112,47,92,105,73,2043,249,214,123,695,183,157,878,1388,262,190,104,680,274,470,270,140,372,102,287,830,409,119,485,335,98
2021-09-11,30,50,25,42,52,19,1105,97,105,25,368,90,79,239,498,109,113,60,235,198,252,129,67,174,67,116,296,159,59,269,94,25
2021-09-12,19,47,29,32,37,20,532,81,155,26,260,68,85,286,367,103,97,63,185,103,169,99,60,99,37,91,125,139,41,166,92,42
2021-09-13,146,206,83,118,135,136,2084,303,201,145,908,146,260,1003,1510,314,296,170,869,336,515,351,173,416,171,328,1002,453,136,459,435,96
2021-09-14,116,124,86,69,130,84,1976,222,225,138,840,147,208,783,1310,250,179,121,705,294,453,289,135,350,128,323,791,367,101,367,368,102
2021-09-15,42,74,66,49,70,82,1563,151,137,56,592,107,130,393,729,156,136,75,333,204,279,203,80,226,66,211,715,295,54,294,140,44
2021-09-16,28,47,25,48,32,35,323,91,97,24,283,58,95,288,285,104,65,64,178,191,249,95,56,125,52,83,254,161,39,230,122,25
2021-09-17,124,182,56,98,87,95,2004,233,236,146,696,102,161,853,1500,232,125,115,731,273,421,286,145,318,138,297,750,402,103,405,420,61
2021-09-18,27,62,25,33,30,24,1054,96,78,26,337,50,98,240,491,113,56,52,176,170,211,107,61,125,43,81,273,167,49,220,142,14
2021-09-19,28,59,17,44,24,20,417,54,95,27,252,35,80,200,329,75,78,42,165,121,188,71,49,81,31,59,147,109,34,219,77,22
2021-09-20,130,280,58,126,115,114,2126,263,222,143,847,111,191,952,1465,240,131,141,659,319,458,352,127,313,124,292,971,433,104,418,432,70
2021-09-21,108,204,34,83,107,85,1774,232,177,93,856,45,160,706,1156,176,121,98,560,200,425,287,121,248,128,254,682,314,112,313,360,77
2021-09-22,84,202,50,81,81,104,1815,192,174,90,864,65,161,617,1103,240,98,90,372,211,431,241,111,307,96,276,703,353,90,280,347,41
2021-09-23,101,232,40,72,69,101,1504,161,159,79,823,80,119,476,1119,176,109,81,430,203,377,238,83,233,103,189,554,233,76,312,298,58
2021-09-24,88,218,56,86,75,112,1752,185,145,98,698,67,117,442,1080,149,96,79,418,172,386,193,85,202,91,219,616,260,66,238,294,58
2021-09-25,27,55,23,26,26,19,967,91,83,38,278,24,70,142,337,74,50,31,137,134,185,75,46,108,47,74,238,117,35,142,83,14
2021-09-26,23,47,10,29,22,26,415,94,50,16,319,25,68,153,275,47,55,37,109,65,183,44,30,64,43,71,107,101,31,134,47,12
2021-09-27,139,289,66,76,96,156,1605,235,142,99,1036,79,146,542,1138,199,128,98,578,189,371,250,95,309,120,205,774,331,83,365,324,84
2021-09-28,117,238,43,72,68,98,1187,212,85,85,763,67,130,390,897,155,103,63,467,177,326,207,94,204,98,150,544,209,76,225,282,76
2021-09-29,95,225,56,64,53,115,1095,231,75,63,772,43,104,345,783,139,113,70,392,146,282,216,83,180,71,170,541,237,61,251,256,60
2021-09-30,74,224,38,72,71,97,928,178,79,69,734,44,91,308,645,91,68,66,366,146,255,150,75,158,95,167,480,201,55,226,198,45
2021-10-01,64,195,27,58,39,79,1076,186,91,42,595,39,82,280,678,86,86,63,355,130,224,146,66,178,65,150,432,181,55,208,168,49
2021-10-02,20,66,14,22,17,26,559,82,36,13,313,33,34,125,269,60,37,27,124,82,133,62,32,81,36,61,204,73,18,115,29,21
2021-10-03,33,58,22,24,15,34,291,63,61,10,210,31,40,107,222,55,52,22,102,88,100,43,22,35,22,51,84,59,16,111,43,12
2021-10-04,144,297,33,74,56,168,1130,225,118,93,798,63,102,337,893,105,127,69,426,203,239,232,74,194,93,191,588,215,50,251,214,67
2021-10-05,121,243,36,57,45,153,977,200,86,77,678,44,66,309,711,97,63,56,374,138,283,197,62,177,101,173,421,171,53,153,209,40
2021-10-06,116,289,30,59,39,103,937,181,100,55,670,56,66,233,673,98,95,58,286,114,211,168,63,161,87,181,412,170,44,151,161,61
2021-10-07,112,290,23,51,40,133,833,167,70,58,583,38,66,215,569,76,67,58,326,80,182,152,69,133,65,164,293,147,55,176,158,62
2021-10-08,93,281,27,53,22,103,804,168,65,84,431,36,63,206,621,89,66,43,274,109,163,124,62,168,74,167,321,158,27,138,160,36
2021-10-09,30,94,18,11,14,45,394,116,22,18,221,23,35,99,266,32,32,25,110,75,108,49,37,86,32,56,157,61,21,92,31,12
2021-10-10,44,89,5,15,12,26,262,84,39,15,193,24,39,96,186,45,62,22,84,88,97,45,34,48,30,40,76,80,16,87,39,15
2021-10-11,115,356,35,47,45,134,907,178,70,88,699,43,78,277,898,96,110,54,409,130,164,188,68,210,79,224,454,197,41,165,161,59
2021-10-12,102,302,23,45,35,62,775,180,53,63,708,40,56,205,640,71,62,47,334,91,154,157,45,175,62,142,316,149,32,103,140,67
2021-10-13,104,262,28,41,40,117,676,146,44,52,576,35,49,169,498,58,78,35,311,96,148,146,57,138,38,162,341,140,17,108,138,43
2021-10-14,59,294,24,40,45,140,657,175,42,52,599,24,66,185,539,53,76,47,299,107,131,149,60,140,47,138,261,133,22,124,125,23
2021-10-15,41,289,22,34,22,150,787,141,25,36,523,35,34,155,531,64,60,30,239,94,136,123,35,139,52,125,310,169,23,110,121,43
2021-10-16,14,120,11,12,10,36,307,59,17,11,266,15,24,75,184,28,36,27,72,55,55,25,35,61,26,51,83,65,7,52,23,10
2021-10-17,12,102,12,24,7,32,142,58,20,10,159,25,18,73,114,19,35,17,82,39,64,27,38,36,36,44,51,30,9,51,19,5
2021-10-18,77,455,24,45,43,181,801,213,30,73,529,50,55,204,680,58,91,41,330,123,175,135,70,146,71,164,256,114,27,108,170,46
2021-10-19,69,400,24,27,26,145,679,184,41,52,405,56,55,134,537,45,42,29,284,104,113,96,49,144,51,146,224,92,22,108,132,37
2021-10-20,84,421,34,18,22,144,589,156,26,35,478,22,29,140,490,49,49,30,271,125,113,124,37,106,55,112,194,116,13,85,96,23
2021-10-21,53,429,23,32,18,120,558,151,35,41,433,53,45,177,460,44,44,31,273,82,78,109,34,125,49,146,207,84,17,79,76,33
2021-10-22,53,422,22,25,17,160,639,134,28,36,424,33,43,158,463,34,37,20,214,62,97,120,36,106,46,142,130,91,15,52,105,31
2021-10-23,27,137,11,11,12,40,323,76,28,4,210,12,15,46,150,21,31,12,61,39,66,35,32,55,21,52,47,39,8,50,29,9
2021-10-24,26,110,8,12,3,37,124,47,23,9,154,10,17,55,132,15,17,13,54,50,45,28,22,40,27,45,55,39,13,49,16,8
2021-10-25,92,581,33,32,26,191,651,220,41,74,510,32,55,172,707,32,61,36,292,95,107,143,48,122,60,207,219,136,28,97,124,53
2021-10-26,58,489,20,26,18,147,580,148,26,48,454,53,49,153,519,36,34,31,227,83,78,86,28,111,54,185,135,83,18,85,116,24
2021-10-27,46,458,14,29,10,139,483,180,23,53,408,42,67,118,492,28,24,32,212,62,78,79,49,79,52,129,170,93,14,74,90,31
2021-10-28,65,467,13,19,13,149,485,128,18,36,434,61,47,142,374,32,38,18,209,58,67,105,20,90,52,134,115,90,19,52,96,16
2021-10-29,37,423,16,32,11,114,594,132,25,27,323,44,47,103,429,17,58,17,174,45,62,68,26,80,59,149,142,75,14,46,90,24
2021-10-30,11,147,18,7,4,67,184,54,15,9,135,15,16,34,149,18,24,11,55,28,31,19,7,39,10,43,41,32,6,36,21,5
2021-10-31,6,114,3,7,4,31,91,42,5,13,164,21,19,43,74,13,17,4,49,18,35,20,6,26,17,44,17,17,8,16,20,3
2021-11-01,44,591,19,7,11,90,422,198,10,50,358,24,55,131,347,34,36,32,192,55,36,96,19,107,39,163,57,69,8,53,100,20
2021-11-02,28,518,13,9,5,86,194,168,15,39,270,14,38,89,245,21,19,17,203,30,48,71,10,59,35,100,25,64,3,36,79,15
2021-11-03,53,527,16,9,14,186,594,200,21,62,362,46,35,116,464,30,19,26,160,49,64,95,27,80,30,163,160,87,6,61,100,22
2021-11-04,47,504,10,17,10,185,567,148,15,33,356,36,40,91,392,25,26,8,144,73,55,96,17,98,39,165,90,76,8,42,75,26
2021-11-05,47,497,19,12,6,175,501,159,9,47,250,28,24,93,369,25,24,11,121,54,41,77,18,82,51,172,105,66,16,41,79,18
2021-11-06,11,145,9,5,5,60,318,62,6,5,124,14,15,35,121,17,14,9,45,43,27,38,13,51,20,74,32,36,6,16,29,6
2021-11-07,9,133,9,4,1,40,109,47,5,11,120,19,18,24,96,10,10,8,57,28,33,21,21,37,18,56,21,25,4,23,12,4
2021-11-08,84,602,25,16,12,234,528,216,7,47,368,41,24,124,493,30,21,26,215,71,52,133,18,111,60,266,103,104,14,66,81,34
2021-11-09,60,513,33,9,15,192,455,220,8,51,325,35,30,84,444,23,21,12,166,66,51,100,20,109,51,189,61,72,15,39,80,24
2021-11-10,65,476,38,8,5,176,500,171,10,33,251,37,25,92,425,13,9,12,183,62,43,97,11,98,39,218,71,70,19,29,55,19
2021-11-11,64,391,51,9,9,163,545,164,12,48,301,18,28,74,392,31,30,8,182,55,43,111,8,84,49,226,59,65,5,37,54,24
2021-11-12,70,394,32,10,5,154,488,139,6,42,287,24,27,63,357,21,45,19,163,56,41,88,11,96,26,216,60,59,9,41,53,17
2021-11-13,8,125,25,3,4,49,228,76,10,10,150,7,18,27,89,9,12,13,42,27,22,23,5,58,23,86,13,19,3,15,16,7
2021-11-14,6,86,35,2,2,57,120,46,3,14,97,5,13,12,79,8,26,8,40,22,27,16,4,14,6,69,11,10,7,17,10,5
2021-11-15,15,193,42,3,2,59,151,113,6,19,162,10,14,31,69,11,19,4,74,44,27,20,4,49,14,121,29,32,3,16,26,6
2021-11-16,106,559,65,11,15,275,492,229,7,77,342,31,22,101,468,24,12,17,188,71,43,81,16,90,53,298,53,58,5,44,82,28
2021-11-17,37,550,60,2,10,270,516,209,8,61,331,12,26,77,417,14,15,5,162,41,33,70,12,100,52,278,50,74,7,36,58,23
2021-11-18,39,450,45,10,9,214,473,195,2,40,311,15,20,81,349,16,18,17,150,50,38,78,11,90,40,289,25,56,5,47,46,14
2021-11-19,45,444,40,5,1,171,506,166,0,51,259,18,12,68,329,13,17,6,135,50,25,64,10,67,37,234,41,49,12,31,52,32
2021-11-20,14,158,29,4,1,60,244,89,2,9,143,7,8,21,102,6,17,8,41,32,20,23,9,38,8,135,12,20,5,13,12,5
2021-11-21,9,131,12,7,3,56,146,72,1,11,100,6,14,29,79,10,4,14,28,17,23,15,5,41,13,94,9,16,0,16,7,5
2021-11-22,102,560,63,8,9,310,509,247,7,79,383,23,19,103,351,22,27,21,159,65,427,78,12,115,60,403,48,52,16,42,54,29
2021-11-23,72,524,59,9,8,259,399,206,8,66,324,25,31,76,396,20,15,10,135,27,199,63,10,91,39,276,23,47,7,35,42,35
2021-11-24,81,504,53,7,4,232,366,207,8,44,251,19,15,101,316,15,7,9,138,41,144,68,7,84,53,281,29,52,6,22,58,23
2021-11-25,76,437,51,5,5,249,532,165,3,42,219,18,15,77,367,16,16,8,125,48,107,43,8,90,40,243,19,43,8,29,30,10
2021-11-26,71,395,59,4,2,240,361,144,3,50,245,13,12,71,339,22,23,7,125,44,25,38,13,76,40,229,31,39,5,23,35,11
2021-11-27,13,134,28,3,0,84,213,80,5,12,139,2,8,22,84,10,11,5,23,24,12,17,8,51,15,91,12,19,3,12,10,3
2021-11-28,15,140,20,3,1,73,111,73,3,16,83,8,7,38,74,11,17,5,35,15,22,27,5,35,21,107,5,19,4,2,5,5
2021-11-29,59,635,74,8,7,395,462,209,2,94,371,24,13,95,436,23,19,9,151,48,25,54,9,98,48,350,37,66,8,27,43,33
2021-11-30,52,556,65,2,4,349,378,211,4,50,301,11,27,80,239,11,7,9,135,46,23,63,3,92,36,285,37,50,3,24,31,16
2021-12-01,68,473,42,4,3,300,338,194,2,52,274,16,12,103,339,6,8,16,120,53,22,49,16,63,49,249,25,42,5,34,40,31
2021-12-02,61,473,41,3,6,351,481,207,3,49,231,12,12,87,342,11,16,14,129,40,21,41,12,88,41,261,20,51,5,15,24,21
2021-12-03,62,392,48,5,2,278,350,154,7,43,248,24,22,68,255,16,18,21,126,24,23,25,14,78,44,264,27,50,9,38,29,30
2021-12-04,12,144,16,0,3,63,147,68,2,8,130,7,6,24,77,10,3,9,52,33,9,16,19,44,15,82,7,22,10,17,6,7
2021-12-05,15,125,8,1,3,58,130,54,2,14,87,7,12,22,44,6,6,3,41,16,8,6,8,31,17,101,5,17,8,10,5,8
2021-12-06,81,655,43,3,6,378,399,235,8,65,309,17,23,116,360,15,18,12,140,49,32,51,16,137,45,306,30,95,14,26,42,30
2021-12-07,79,596,40,2,9,281,378,183,3,61,291,11,15,99,316,11,14,12,101,24,26,50,13,96,32,306,32,87,19,28,30,29
2021-12-08,78,542,45,5,2,286,296,173,5,53,238,9,11,118,301,10,7,19,96,23,22,36,6,100,26,270,17,67,12,24,26,25
2021-12-09,85,461,54,2,10,224,269,148,6,33,254,15,12,119,351,11,17,11,129,27,24,41,13,94,30,230,14,56,8,35,18,44
2021-12-10,92,455,52,1,5,277,428,152,4,25,229,22,18,87,287,16,19,13,74,18,23,33,19,82,47,209,8,36,7,38,24,26
2021-12-11,14,104,20,4,2,66,139,56,1,9,104,9,6,30,88,5,10,5,24,10,14,6,3,50,9,81,4,13,3,25,4,9
2021-12-12,11,118,21,1,0,81,113,63,5,12,90,7,10,42,79,3,8,4,30,12,8,5,25,27,16,79,6,12,2,8,3,9
2021-12-13,106,525,74,2,5,313,357,172,2,48,284,20,18,121,442,12,22,14,127,18,29,31,27,88,45,269,14,50,4,32,12,38
2021-12-14,69,398,86,5,4,321,378,164,3,43,273,17,11,68,281,11,22,24,108,26,24,31,10,66,37,208,9,40,6,23,25,49
2021-12-15,64,399,88,1,4,328,425,144,9,46,248,15,11,72,281,8,13,14,95,29,26,36,22,108,36,186,6,37,3,31,21,24
2021-12-16,84,326,94,5,7,262,434,143,2,45,256,11,9,109,255,5,18,19,92,9,22,44,40,89,40,201,11,52,8,29,19,28
2021-12-17,55,327,70,0,5,232,429,162,4,44,202,9,16,102,251,10,11,20,89,18,20,30,31,74,51,151,14,31,5,22,17,42
2021-12-18,16,97,88,2,1,88,246,62,2,11,92,8,13,23,63,4,4,13,40,8,23,9,35,59,15,80,5,12,6,14,7,12
2021-12-19,18,89,70,5,1,71,192,57,4,9,130,2,11,28,37,2,8,10,30,6,9,7,40,30,19,49,9,17,2,5,6,14
2021-12-20,117,431,206,4,9,331,661,185,4,49,377,26,27,120,361,11,21,27,132,21,40,70,31,115,48,193,25,58,5,46,32,32
2021-12-21,90,364,278,4,4,287,717,165,8,46,262,16,21,113,365,10,25,12,96,19,49,74,91,109,46,181,31,49,13,31,37,32
2021-12-22,73,334,285,9,7,269,980,180,9,39,255,28,8,124,391,12,18,11,123,40,37,39,96,132,52,131,44,59,6,44,29,63
2021-12-23,71,293,348,6,5,267,1059,141,6,34,311,18,25,120,325,11,25,11,136,40,58,62,114,145,49,164,37,77,11,75,49,39
2021-12-24,68,176,348,1,0,207,889,116,5,28,216,15,30,86,266,11,22,10,125,33,27,38,108,120,56,119,24,58,4,22,44,41
2021-12-25,14,60,183,2,0,55,199,44,1,12,49,2,18,32,47,11,5,4,47,13,24,28,82,21,17,48,5,41,2,12,11,22
2021-12-26,33,83,187,9,3,95,504,87,9,17,147,32,30,75,78,6,7,3,82,29,22,12,182,91,38,63,4,38,5,11,17,14
2021-12-27,231,495,728,23,10,446,2120,249,25,84,544,50,67,244,702,38,68,41,372,66,74,105,366,254,79,211,94,157,13,65,151,83
2021-12-28,164,461,776,22,13,541,2725,291,15,85,644,52,92,260,871,44,41,44,488,62,81,120,505,356,110,230,115,194,22,55,221,126
2021-12-29,163,510,1065,26,19,697,3198,379,20,97,545,57,137,284,1014,45,87,49,596,91,100,176,557,409,152,277,114,275,20,68,272,122
2021-12-30,161,504,1005,26,24,681,3596,414,36,134,592,56,123,358,1002,42,109,66,633,87,114,194,668,555,216,288,143,377,25,79,295,170
2021-12-31,141,468,871,14,23,587,2847,308,59,115,481,70,118,348,887,45,76,65,574,107,87,151,670,533,257,257,153,351,12,104,297,219
